{
  "top_10_insumos": [
    "Urea",
    "Mezcla 7-40-0-5",
    "POWER PLUS II D (glifosato 64,5/54)",
    "Pma",
    "2,4 D HERBIFEN ADVANCE (97/64,3)",
    "Microstar PZ",
    "Microstar CMB",
    "CLETODIM 24%",
    "SPS",
    "S-METOLACLORO 96%"
  ],
  "data": [
    {
      "insumo": "Urea",
      "tipo_insumo": "Fertilizante",
      "campañas": {
        "20/21": {
          "gasto": 2127506.628,
          "volumen": 5329800.0,
          "precio_promedio": 0.4
        },
        "21/22": {
          "gasto": 4533077.916999999,
          "volumen": 6240907.0,
          "precio_promedio": 0.8
        },
        "22/23": {
          "gasto": 6736174.649999999,
          "volumen": 6711480.0,
          "precio_promedio": 1.02
        },
        "23/24": {
          "gasto": 3699748.5300000003,
          "volumen": 5341050.0,
          "precio_promedio": 0.74
        },
        "24/25": {
          "gasto": 4483611.460000001,
          "volumen": 7871360.0,
          "precio_promedio": 0.57
        },
        "25/26": {
          "gasto": 5303610.120000001,
          "volumen": 8789341.0,
          "precio_promedio": 2.81
        }
      },
      "variación_precio_24_25_vs_25_26": 392.98,
      "variación_volumen_24_25_vs_25_26": 11.66
    },
    {
      "insumo": "Mezcla 7-40-0-5",
      "tipo_insumo": "Fertilizante",
      "campañas": {
        "20/21": {
          "gasto": 1578485.63,
          "volumen": 3504478.0,
          "precio_promedio": 0.42
        },
        "21/22": {
          "gasto": 1122171.758,
          "volumen": 1973247.0,
          "precio_promedio": 0.57
        },
        "22/23": {
          "gasto": 4550490.51,
          "volumen": 4958920.0,
          "precio_promedio": 0.99
        },
        "23/24": {
          "gasto": 1412890.17,
          "volumen": 1776810.0,
          "precio_promedio": 0.84
        },
        "24/25": {
          "gasto": 1851473.3599999999,
          "volumen": 2573170.0,
          "precio_promedio": 0.75
        },
        "25/26": {
          "gasto": 3304740.0459999996,
          "volumen": 4605406.0,
          "precio_promedio": 127.06
        }
      },
      "variación_precio_24_25_vs_25_26": 16841.33,
      "variación_volumen_24_25_vs_25_26": 78.98
    },
    {
      "insumo": "POWER PLUS II D (glifosato 64,5/54)",
      "tipo_insumo": "Herbicida",
      "campañas": {
        "20/21": {
          "gasto": 988347.35,
          "volumen": 253822.5,
          "precio_promedio": 3.98
        },
        "21/22": {
          "gasto": 1197564.0,
          "volumen": 178560.0,
          "precio_promedio": 10.63
        },
        "22/23": {
          "gasto": 3576822.0,
          "volumen": 330630.0,
          "precio_promedio": 10.69
        },
        "23/24": {
          "gasto": 741645.0,
          "volumen": 124680.0,
          "precio_promedio": 6.05
        },
        "24/25": {
          "gasto": 1269077.988,
          "volumen": 274960.0,
          "precio_promedio": 4.73
        },
        "25/26": {
          "gasto": 788636.8181759038,
          "volumen": 187188.6,
          "precio_promedio": 4.13
        }
      },
      "variación_precio_24_25_vs_25_26": -12.68,
      "variación_volumen_24_25_vs_25_26": -31.92
    },
    {
      "insumo": "Pma",
      "tipo_insumo": "Fertilizante",
      "campañas": {
        "20/21": {
          "gasto": 196325.15,
          "volumen": 421190.0,
          "precio_promedio": 0.47
        },
        "21/22": {
          "gasto": 276080.0,
          "volumen": 311000.0,
          "precio_promedio": 0.86
        },
        "22/23": {
          "gasto": 115243.67,
          "volumen": 98785.0,
          "precio_promedio": 1.13
        },
        "23/24": {
          "gasto": 2321244.6000000006,
          "volumen": 2321510.0,
          "precio_promedio": 0.98
        },
        "24/25": {
          "gasto": 2517350.95,
          "volumen": 2736870.0,
          "precio_promedio": 0.92
        },
        "25/26": {
          "gasto": 187231.0,
          "volumen": 188891.0,
          "precio_promedio": 27.8
        }
      },
      "variación_precio_24_25_vs_25_26": 2921.74,
      "variación_volumen_24_25_vs_25_26": -93.1
    },
    {
      "insumo": "2,4 D HERBIFEN ADVANCE (97/64,3)",
      "tipo_insumo": "Herbicida",
      "campañas": {
        "20/21": {
          "gasto": 205345.78,
          "volumen": 35871.6,
          "precio_promedio": 5.7
        },
        "21/22": {
          "gasto": 688701.0,
          "volumen": 116120.0,
          "precio_promedio": 6.35
        },
        "22/23": {
          "gasto": 1147882.6,
          "volumen": 163540.0,
          "precio_promedio": 6.97
        },
        "23/24": {
          "gasto": 734038.0,
          "volumen": 104380.0,
          "precio_promedio": 7.01
        },
        "24/25": {
          "gasto": 774076.0,
          "volumen": 126260.0,
          "precio_promedio": 6.25
        },
        "25/26": {
          "gasto": 708847.0147665471,
          "volumen": 128249.7,
          "precio_promedio": 5.5
        }
      },
      "variación_precio_24_25_vs_25_26": -12.0,
      "variación_volumen_24_25_vs_25_26": 1.58
    },
    {
      "insumo": "Microstar PZ",
      "tipo_insumo": "Fertilizante",
      "campañas": {
        "20/21": {
          "gasto": 496400.0,
          "volumen": 292000.0,
          "precio_promedio": 1.7
        },
        "21/22": {
          "gasto": 527340.0,
          "volumen": 310200.0,
          "precio_promedio": 1.7
        },
        "22/23": {
          "gasto": 888810.0,
          "volumen": 335400.0,
          "precio_promedio": 2.65
        },
        "24/25": {
          "gasto": 1051050.0,
          "volumen": 500500.0,
          "precio_promedio": 2.1
        },
        "25/26": {
          "gasto": 290120.0,
          "volumen": 145060.0,
          "precio_promedio": 2.0
        }
      },
      "variación_precio_24_25_vs_25_26": -4.76,
      "variación_volumen_24_25_vs_25_26": -71.02
    },
    {
      "insumo": "Microstar CMB",
      "tipo_insumo": "Fertilizante",
      "campañas": {
        "20/21": {
          "gasto": 271320.0,
          "volumen": 159600.0,
          "precio_promedio": 1.7
        },
        "21/22": {
          "gasto": 180540.0,
          "volumen": 106200.0,
          "precio_promedio": 1.7
        },
        "22/23": {
          "gasto": 1047708.0,
          "volumen": 388040.0,
          "precio_promedio": 2.7
        },
        "24/25": {
          "gasto": 853820.0,
          "volumen": 388100.0,
          "precio_promedio": 2.2
        },
        "25/26": {
          "gasto": 770595.0,
          "volumen": 375900.0,
          "precio_promedio": 2.05
        }
      },
      "variación_precio_24_25_vs_25_26": -6.82,
      "variación_volumen_24_25_vs_25_26": -3.14
    },
    {
      "insumo": "CLETODIM 24%",
      "tipo_insumo": "Herbicida",
      "campañas": {
        "20/21": {
          "gasto": 222016.9156,
          "volumen": 22598.0,
          "precio_promedio": 9.94
        },
        "21/22": {
          "gasto": 226259.2,
          "volumen": 23360.0,
          "precio_promedio": 10.33
        },
        "22/23": {
          "gasto": 994127.5,
          "volumen": 88585.0,
          "precio_promedio": 11.21
        },
        "23/24": {
          "gasto": 588730.0,
          "volumen": 72050.0,
          "precio_promedio": 8.34
        },
        "24/25": {
          "gasto": 597724.0,
          "volumen": 97770.0,
          "precio_promedio": 6.25
        },
        "25/26": {
          "gasto": 370207.9,
          "volumen": 47050.0,
          "precio_promedio": 7.85
        }
      },
      "variación_precio_24_25_vs_25_26": 25.6,
      "variación_volumen_24_25_vs_25_26": -51.88
    },
    {
      "insumo": "SPS",
      "tipo_insumo": "Fertilizante",
      "campañas": {
        "20/21": {
          "gasto": 263538.0,
          "volumen": 1040000.0,
          "precio_promedio": 0.25
        },